County,Electric,Electric: Difference,Plug-In Hybrid,Plug-In Hybrid: Difference,Hybrid,Hybrid: Difference,All Hybrids,All Hybrids: Difference,Alternative,Alternative: Difference,Gas,Gas: Difference,Diesel,Diesel: Difference
Yancey,89,-2,60,0,542,1,602,1,,,"17,828",-15,"1,789",-11
Yadkin,110,10,49,2,819,13,868,15,11,2,"36,956",8,"3,291",-17
Wilson,269,7,73,7,"1,826",46,"1,899",53,1,0,"63,419",-66,"3,851",-10
Wilkes,205,3,62,3,"1,718",35,"1,780",38,2,0,"62,043",68,"4,803",11
Wayne,438,16,141,10,"2,495",69,"2,636",79,3,-1,"94,998",-107,"4,920",-29
Watauga,418,14,192,6,"1,969",35,"2,161",41,1,0,"34,402",-80,"2,913",33
Washington,18,0,8,2,162,3,170,5,1,0,"9,147",-23,613,-25
Warren,64,2,29,1,401,8,430,9,,,"16,939",-54,"1,016",-10
Wake,"30,151",520,"6,522",51,"66,988","1,488","73,510","1,539",672,62,"784,848",-130,"32,727",197
Vance,114,0,41,0,797,20,838,20,5,0,"34,518",-100,"1,634",5
Union,"4,689",97,967,18,"10,644",296,"11,611",314,16,-1,"192,163",206,"13,165",511
Tyrrell,6,-1,2,-1,72,4,74,3,5,0,"2,938",20,343,25
Transylvania,297,13,145,4,"1,438",40,"1,583",44,2,0,"26,619",-22,"2,331",-3
Swain,75,1,26,0,384,6,410,6,2,0,"13,945",38,"1,391",11
Surry,215,7,90,5,"1,617",21,"1,707",26,2,0,"65,894",-106,"5,914",-598
Stokes,143,2,44,1,968,17,"1,012",18,4,0,"45,191",-38,"3,304",-41
Stanly,258,10,72,3,"1,310",42,"1,382",45,1,0,"58,149",-60,"5,007",11
Scotland,53,4,31,4,561,8,592,12,,,"24,019",-151,933,-3
Sampson,91,-2,32,3,"1,013",44,"1,045",47,3,0,"56,782",-111,"4,692",94
Rutherford,217,9,79,3,"1,459",15,"1,538",18,4,0,"57,137",112,"4,123",-4
Rowan,687,7,208,3,"3,224",68,"3,432",71,17,-2,"117,942",-89,"9,493",-20
Rockingham,299,10,91,4,"1,751",31,"1,842",35,5,-1,"81,769",-14,"4,883",8
Robeson,155,0,74,5,"1,987",31,"2,061",36,4,0,"95,515",-370,"5,020",26
Richmond,117,9,27,-2,712,10,739,8,4,0,"34,408",-69,"1,917",-113
Randolph,572,17,165,2,"3,439",59,"3,604",61,7,0,"125,090",99,"9,099",-13
Polk,179,6,67,2,843,9,910,11,2,0,"18,588",21,"1,864",10
Pitt,863,15,312,4,"4,553",93,"4,865",97,28,0,"118,533",-34,"5,544",21
Person,159,-2,62,5,861,2,923,7,1,0,"37,744",-16,"2,471",24
Perquimans,59,2,20,0,372,3,392,3,1,0,"12,383",12,926,-3
Pender,443,18,185,4,"2,206",60,"2,391",64,,,"57,979",80,"3,988",2
Pasquotank,152,7,55,-4,990,32,"1,045",28,,,"31,652",33,"1,978",6
Pamlico,66,7,19,1,379,20,398,21,1,0,"11,742",27,999,-10
Orange,"3,753",64,"1,346",36,"9,415",135,"10,761",171,3,-1,"85,753",-15,"3,717",-7
Onslow,912,22,306,9,"5,444",148,"5,750",157,,,"138,231",155,"7,658",-53
Northampton,40,1,13,0,291,3,304,3,,,"16,062",-35,"1,154",-2
New Hanover,"2,223",45,"1,009",20,"9,912",233,"10,921",253,36,0,"163,213",-189,"7,250",-33
Nash,363,-1,106,7,"2,157",53,"2,263",60,10,0,"82,164",-97,"5,142",7
Moore,"1,138",10,400,13,"5,153",103,"5,553",116,1,0,"89,502",165,"5,246",-70
Montgomery,104,8,36,5,614,14,650,19,2,0,"24,290",-50,"1,733",4
Mitchell,53,2,25,1,375,6,400,7,,,"14,547",5,"1,224",-1
Mecklenburg,"19,692",457,"5,272",31,"50,585","1,462","55,857","1,493",220,-1,"728,873",505,"26,246",78
McDowell,199,4,78,2,964,20,"1,042",22,1,0,"39,581",-104,"2,731",7
Martin,34,2,17,0,386,18,403,18,,,"19,394",-38,"1,037",-5
Madison,145,7,51,1,714,11,765,12,1,0,"20,246",-82,"2,006",-21
Macon,252,14,107,3,"1,102",19,"1,209",22,1,-1,"34,340",58,"3,092",7
Lincoln,811,15,243,6,"2,940",60,"3,183",66,5,1,"78,152",-126,"5,849",11
Lenoir,131,-4,44,-1,"1,022",21,"1,066",20,8,0,"44,266",-101,"3,968",6
Lee,399,10,91,-3,"1,910",18,"2,001",15,15,0,"50,194",23,"3,086",-9
Jones,26,3,16,3,194,9,210,12,,,"8,594",16,741,-4
Johnston,"1,988",69,455,3,"7,309",177,"7,764",180,21,4,"187,048",242,"11,201",40
Jackson,221,0,99,7,"1,291",50,"1,390",57,,,"30,500",-47,"2,586",10
Iredell,"2,217",66,611,-3,"7,570",135,"8,181",132,17,1,"162,863",229,"10,531",33
Hyde,6,0,3,0,64,-3,67,-3,1,0,"3,931",11,521,-3
Hoke,310,10,85,1,"1,564",37,"1,649",38,5,0,"41,765",28,"2,144",-7
Hertford,33,2,17,0,255,2,272,2,,,"16,804",-48,"1,031",14
Henderson,"1,083",19,424,6,"5,198",94,"5,622",100,15,0,"96,209",-98,"6,534",-8
Haywood,354,8,142,2,"2,001",37,"2,143",39,1,0,"53,213",-111,"4,270",38
Harnett,"1,006",21,277,12,"3,921",97,"4,198",109,3,-1,"108,633",81,"6,607",1
Halifax,101,0,48,1,835,16,883,17,,,"41,202",21,"1,971",17
Guilford,"5,049",103,"1,355",1,"19,283",352,"20,638",353,46,-2,"347,801","-1,184","15,210",-86
Greene,37,1,12,0,268,8,280,8,7,3,"15,304",-4,"1,332",-17
Granville,353,9,87,3,"1,511",21,"1,598",24,2,-1,"50,876",64,"3,115",14
Graham,20,2,12,1,145,8,157,9,1,0,"6,938",33,812,-3
Gates,27,-1,2,0,202,10,204,10,,,"10,019",69,835,-18
Gaston,"1,603",42,413,9,"5,667",126,"6,080",135,62,3,"165,133",-54,"8,047",-9
Franklin,633,18,151,4,"2,284",44,"2,435",48,18,3,"62,263",99,"3,850",-31
Forsyth,"2,987",56,"1,005",25,"13,732",345,"14,737",370,73,-2,"265,722",-122,"11,908",-11
Edgecombe,89,1,36,-1,686,27,722,26,6,0,"37,028",-64,"1,641",-3
Durham,"6,073",130,"1,900",2,"17,197",343,"19,097",345,32,-6,"190,144",4,"5,660",-2
Duplin,96,2,39,0,806,29,845,29,3,0,"48,139",-41,"3,910",21
Davie,335,3,97,0,"1,553",16,"1,650",16,1,0,"41,425",-66,"3,353",-12
Davidson,862,40,236,11,"4,378",140,"4,614",151,15,-1,"145,817",-36,"10,451",93
Dare,355,10,143,9,"1,469",35,"1,612",44,2,0,"37,467",25,"2,836",5
Currituck,246,10,66,2,"1,104",23,"1,170",25,3,0,"27,981",61,"2,585",14
Cumberland,"1,726",33,586,17,"8,242",186,"8,828",203,70,7,"206,954",-342,"8,422",58
Craven,568,27,203,9,"3,333",88,"3,536",97,7,0,"82,825",-98,"4,640",33
Columbus,77,5,39,-1,749,27,788,26,1,-1,"44,221",-48,"2,946",-8
Cleveland,322,10,116,6,"1,835",15,"1,951",21,1,0,"82,397",-118,"5,127",-42
Clay,47,1,39,3,360,7,399,10,,,"11,274",-20,974,0
Chowan,47,-2,15,0,349,7,364,7,2,1,"12,480",-7,940,20
Cherokee,76,6,49,-4,662,21,711,17,,,"26,815",65,"2,058",1
Chatham,"1,935",25,586,6,"5,289",91,"5,875",97,12,2,"67,043",-2,"4,368",12
Catawba,"1,059",13,331,7,"4,921",143,"5,252",150,11,-1,"142,074",-106,"9,685",-352
Caswell,44,1,15,-1,409,-1,424,-2,2,0,"21,104",-38,"1,440",-8
Carteret,522,8,201,3,"2,601",98,"2,802",101,7,1,"64,068",87,"4,450",10
Camden,63,7,18,2,373,11,391,13,,,"10,119",-12,855,1
Caldwell,307,9,132,-3,"1,731",42,"1,863",39,2,0,"69,866",-136,"4,889",11
Cabarrus,"3,701",48,644,15,"7,983",221,"8,627",236,11,-1,"167,028",21,"8,704",-67
Burke,318,-3,135,3,"1,963",18,"2,098",21,3,0,"74,920",-13,"4,743",1
Buncombe,"3,970",85,"1,758",34,"13,680",279,"15,438",313,20,0,"186,843",-167,"11,558",250
Brunswick,"1,351",23,705,15,"8,449",213,"9,154",228,5,0,"147,473",350,"6,367",-6
Bladen,61,3,14,0,518,7,532,7,1,0,"27,270",-135,"1,945",-8
Bertie,20,0,11,1,258,5,269,6,6,1,"15,705",-29,"1,009",7
Beaufort,167,4,57,6,"1,205",30,"1,262",36,2,0,"41,041",29,"3,228",-7
Avery,95,3,41,4,522,17,563,21,2,0,"15,665",25,"1,802",4
Ashe,111,9,59,0,776,19,835,19,2,0,"25,737",-48,"2,636",-9
Anson,40,2,17,0,305,10,322,10,,,"18,603",-3,"1,391",11
Alleghany,42,3,24,1,289,6,313,7,1,0,"11,313",0,"1,334",-16
Alexander,162,8,51,7,774,14,825,21,1,-1,"34,301",-137,"2,746",-4
Alamance,"1,317",58,333,11,"5,659",132,"5,992",143,5,1,"137,972",-74,"7,190",-3